Water Temperature (Â°F),Wind Speed (mph),Tide Height (ft),Season,Jellyfish Appearance Probability
63.10890415965768,3.702658576772393,2.6170568373590597,Fall,0.3127890391682395
83.27500072434707,10.838018947567162,2.469787990719998,Spring,0.5421089053098906
75.61978796339918,17.458916717528165,9.062545805210366,Spring,0.7295334552294108
70.95304694689628,14.644497728191224,2.495461998495061,Winter,0.5093084027321768
55.46065241548528,16.131222957228996,2.71949726128631,Fall,0.4575620176726485
55.45980821176709,13.175667334214348,7.593982624179637,Summer,0.5407135665640485
52.032926425886984,13.84553129035705,4.4973984245054,Winter,0.42924766027910366
80.31616510212274,16.983913031306386,7.767105569551812,Fall,0.7133360360156191
71.0390254110123,4.993360177183719,0.6536615756438524,Fall,0.33819663651927456
74.7825402228616,9.78849927286281,4.875711936733843,Summer,0.5459562433868281
50.72045730035308,4.4241888363920445,0.3361360018328263,Winter,0.19720245144169768
83.9468448256698,19.75336015993294,0.6265320345535452,Fall,0.6328130135224639
79.13549242801476,18.881186793732265,9.06437453344411,Fall,0.7609938207349505
57.43186887373967,0.788536227370118,1.3924537111759516,Fall,0.21214493976972607
56.363873852248524,14.11150345031377,5.324206822752171,Summer,0.5145216816511702
56.419157844870185,18.504966348313317,4.110956026007066,Winter,0.5164745177155278
60.64847850358382,3.6115069025466706,3.4734332625884266,Winter,0.30448971738187613
68.36647510712832,11.358904611052589,8.998333456872725,Winter,0.575301524629691
65.11807565247405,18.309765951760838,0.218233967754895,Winter,0.4854001723599336
60.19301990693147,0.6789195717159768,6.637896861755891,Spring,0.3411875588504659
71.41485131528329,13.948405344936798,9.633944342135504,Spring,0.664275545961238
54.882285122821465,5.946980147451015,5.60168183461842,Winter,0.349137111034542
60.225062698732636,18.487923907530607,9.368224620330919,Summer,0.6831122807266212
62.82266451527921,19.421164903307357,0.5225787928602377,Spring,0.5150414180655535
65.96244944759626,18.885329782268677,4.187933190741614,Fall,0.5882526073922696
77.48115864875547,9.484284333149276,2.6015779096205116,Spring,0.4913310154682521
56.98858237554259,17.240853019786268,7.3082096498072975,Fall,0.574711744724612
67.9982053444764,16.890987970701406,9.812970904972467,Winter,0.6724711253426927
70.73450991017148,6.382009464865113,2.565300624442478,Spring,0.4055190682342348
51.62576444519992,16.57830948301355,6.5417460147407445,Summer,0.5487996450840176
71.26406981655035,0.7401526943098524,1.9809763275974013,Spring,0.3122307873468836
55.968344329055206,11.92539756964106,5.653302545716099,Spring,0.46605183919639626
52.27680575448478,4.6001767457540605,4.639324866883362,Spring,0.3147994671210341
83.21099380386667,2.411337715545576,9.72005329631537,Winter,0.5403482391101578
83.79712115760958,1.5390640325841831,6.085272726964666,Summer,0.497917821642968
78.29390718407615,13.925775517562794,3.495063720868188,Spring,0.5804673768040979
60.661481921067974,6.797499275361323,1.1409578488793337,Summer,0.34570439994268065
53.418523990223434,14.49533543057523,1.5124682873493456,Winter,0.3872138200068921
73.94815592792548,1.3071268159788474,2.2531692995123507,Fall,0.331516893532361
65.40533728088604,6.305806756612206,2.50966661340298,Spring,0.37281093236516294
54.271338219567255,10.789825847506744,8.506160578411379,Summer,0.5163782462497846
67.33119185389445,15.814463296779271,5.612227882825249,Summer,0.6084968891304481
51.203598239032644,6.375050058641398,5.233909113743664,Winter,0.32718163737753797
81.82621407275738,12.517827528740181,1.1476887186921747,Spring,0.5325852677207027
59.05729935600059,17.71955496472374,8.60139693349435,Fall,0.6195772594607465
73.18827995238937,12.31726376364609,7.228143032084837,Summer,0.6218262739671845
60.90988766312938,4.659189495072676,0.6766836190000158,Spring,0.28576373002397265
68.20238074122338,0.4880156311307604,7.078350972297686,Fall,0.3829008581484773
69.13485977701478,17.401977478018598,5.4353821734264605,Summer,0.6390793615074641
56.46990594339345,0.42538821700774276,0.8172534574677826,Summer,0.21969678350957722
83.93546197175955,17.49403345368399,4.583006415286564,Fall,0.6779875556639029
77.12964881763901,10.57874268054424,4.8469628713004695,Fall,0.540646962306396
82.88246295474661,18.781353970257925,1.6577454016327575,Winter,0.622775005899362
81.31895726496771,15.975664715473307,9.456981470002823,Spring,0.7477400702176858
70.92649925838798,19.95868221066675,8.49975371480662,Spring,0.7289553032183507
82.26559822580909,7.014236309034203,6.690223373291083,Winter,0.543392859105958
53.09723757181718,15.343765778622538,4.622955610006072,Summer,0.5003140992898434
56.85940018467008,8.038618272184843,4.1176554158450855,Fall,0.3721289548835034
51.582955111868834,9.597512406078177,6.509734671509541,Fall,0.4132028373034712
61.38656157671425,12.550109264367402,5.4543186940690545,Fall,0.49240407899954497
63.60370513913187,17.473542283726776,0.6227310588188562,Summer,0.5122932133701752
59.497216112086356,19.681669383985902,5.125026487703317,Fall,0.581995376868634
79.00581282031753,15.365468277290365,8.064036172328395,Fall,0.6875102494363092
62.486366434275624,8.355335643346676,4.59239877596958,Winter,0.4085286755083096
59.83270783905833,8.427140045541403,0.5195657755426841,Summer,0.3529853181314509
68.9943629105387,14.75164603177783,7.862781993840331,Spring,0.6270695469851237
54.932347874116694,4.775542915366047,2.013637821359744,Winter,0.2600907451526381
78.0768943263914,2.209482262627893,2.5862083488803878,Winter,0.36530579706783417
52.609272528791976,7.09244315281553,1.647063534322959,Spring,0.29423804671464626
84.5410427810181,5.744779833081635,3.302150648714975,Winter,0.4695920977906275
77.02856692538302,5.926162409119802,7.56751505688635,Summer,0.5546916911338555
56.955048853696034,4.672155020998199,5.193858595039373,Fall,0.343702633522595
50.19327409932608,0.8418637927272377,2.048812741507126,Summer,0.21470863514577157
78.5411499959192,0.3574786946682762,8.778300781520409,Spring,0.4840204817413992
74.7400070346666,19.75444779472063,8.795818549515293,Spring,0.7536045566806387
75.51525088143455,8.555462674717248,8.70578425046007,Winter,0.5682490587381576
76.9944621340081,7.686532943193633,2.3879621138153926,Summer,0.4773113057614015
52.59156281069316,13.592945653861397,4.512393441809881,Summer,0.46895098399093665
62.54630049904954,4.365077757301283,9.849896561408752,Spring,0.4741672432965488
54.05541708337954,18.99922367900451,7.7201247630999035,Summer,0.6225646623520917
80.20861990564578,15.726900288311041,0.2716742122555982,Spring,0.5539576737448962
71.81543443896453,1.7882200462451903,0.6520459126049205,Summer,0.3245238443112879
61.58143086984272,8.351615515698567,4.639313768123328,Summer,0.4442401130684749
52.22454226001083,17.582366151243292,9.092202058615602,Summer,0.618291203498166
60.88438126004817,18.894640445828205,5.387017979527142,Spring,0.5933564306210983
61.38141627093614,9.348030224997395,4.9781250803429025,Winter,0.42481961938716833
75.53621624183225,12.268227784214154,1.0547369995663058,Summer,0.5110393924221512
72.31451149743246,3.3406789218415045,6.5678010472429404,Spring,0.448977699043524
81.05244599017144,19.823372522739533,8.221031606002255,Spring,0.7792137684764034
66.52752238066823,4.6334340276688675,3.8042000750756233,Summer,0.4000284969489354
54.18579860784056,18.854635482702513,7.756118509253275,Summer,0.6218607516132635
74.96356755280482,12.99293297984737,9.644766539008117,Winter,0.650438282922472
76.6274767015914,12.154735897577183,2.037664591276891,Spring,0.5152313400125751
69.64470191493237,10.253770220330171,5.233296311947413,Spring,0.5107279190578001
76.98385129840963,4.613396234355173,2.8713795808457556,Fall,0.4108219711231549
67.28284587275368,3.5305606401101652,7.9285441903383935,Spring,0.4502884126812986
68.2956490283698,4.409724181403507,5.775933658811575,Winter,0.40621110177368297
64.96393564254923,3.7287652428850904,6.345824175503037,Fall,0.39835616582504707
50.889669436043334,15.591689471335066,7.979141596158941,Fall,0.5285419993420238
53.77619994476566,7.002505183334602,3.959704726624549,Fall,0.33580995768117095
51.1000214990357,1.1568535312679273,9.150900684070432,Summer,0.3666566537877744
72.27436439423232,19.382052602816227,5.3302886724614,Summer,0.6846186447442275
61.00245933767143,17.675717699268514,1.57954822835348,Spring,0.49959792627136257
67.7999741907646,18.55504566390426,6.958991181688025,Fall,0.649219646825265
81.76482658741325,19.898156452928706,7.9326135043825445,Winter,0.7586379116668001
58.72522802021062,3.477904984389746,3.1676167706752665,Summer,0.3253793560091265
64.36340230624704,7.924840378053175,8.57179256998753,Winter,0.49238504167767416
76.44428984900671,15.164769514081826,9.061432547657663,Winter,0.6798104213729905
58.00793579220679,13.920412361075844,2.769044873778089,Summer,0.46994671599002397
52.69429684400775,3.077918126797101,9.83521472715222,Summer,0.41826904841075946
60.14130085198188,16.316662499812356,1.4071152804875842,Summer,0.4908425336896906
55.64274505389015,4.488811436733213,2.0201566840249,Summer,0.2999795626822971
82.53941783199005,4.476352296452461,1.8422483923802613,Fall,0.4199297827629067
78.2842132847546,10.739488457868271,8.939897100078705,Fall,0.6315143447824816
72.16913147786482,11.858798696834063,6.542925523249618,Fall,0.5654212422195881
80.50112065657012,11.601724156756223,1.5210428322227287,Fall,0.5087388370333416
78.128522691469,1.8297367479550974,4.40323418368349,Spring,0.41624515027281916
56.52995206101126,17.54921725260761,6.15298025069802,Fall,0.5536118755802817
81.23956494714922,5.312000851774121,0.8346408498938329,Summer,0.434884629472484
68.87697846704778,2.5902984256560835,8.824163684073387,Winter,0.4432061984494392
78.2604054307422,17.774961597379544,8.036035354415352,Fall,0.7188331620818127
81.36319549732227,19.113029964595068,5.052067735766382,Spring,0.7069550641689524
61.13012162401523,17.24255234530901,9.671266152591704,Summer,0.675664303225842
53.851817358468686,16.19032149449756,4.177609792750997,Winter,0.46841740317801867
57.97773068896796,13.104839612780435,9.841103190364977,Winter,0.5589816905073943
64.94877260191898,11.017147412182787,6.67919998803627,Fall,0.5142627686687186
78.63051680728725,1.7397351982282028,6.346712732539414,Winter,0.43663323580870994
80.12557041397201,8.169064261413974,1.65954895295785,Fall,0.45787305963163527
50.243324568591675,7.45377034024628,8.81927758304644,Fall,0.4195825328708611
67.87615559021481,5.195075675206525,4.2748968792061515,Summer,0.4255735332277341
64.60938511020727,14.468402273771698,1.6223340578247936,Summer,0.4929549158928272
57.77377336647556,9.917514701575417,0.1260751997575904,Spring,0.33570578661292916
54.195287856678895,1.6209243181529587,5.597556836383825,Summer,0.3202380749667075
61.81653099912698,4.403664038996227,5.2739962212267635,Summer,0.3990579192902043
83.00183963693817,13.665175273191918,7.193536223691586,Fall,0.6674302943542144
61.312102620726435,1.5226171898060037,8.902580530178021,Summer,0.4255314548548016
68.15767176101781,17.024138280975375,0.7940658464302952,Fall,0.5050015154919097
74.60566356133123,9.902930540279486,7.314964903403624,Fall,0.5654470479513004
62.72703608327529,9.61173154653296,1.8741194409758222,Summer,0.41438428249336956
84.01237289523363,11.848155693190352,8.581770531571639,Spring,0.6837141625734802
83.6856553229739,16.493619318502983,8.19063513861656,Spring,0.7437064515382982
58.81238035388775,6.956184158043861,5.407937549855443,Winter,0.38285797253283965
67.40369770623349,13.560323051181271,7.102427986233115,Winter,0.5649031066708585
60.53074084358694,11.314639279915822,3.1435011318374837,Summer,0.45276527379884096
59.969417303211365,5.3405654033884264,4.7116789893281465,Spring,0.37131015971288284
51.291043157408645,17.57259972710316,8.216368977104716,Fall,0.5652937649195483
71.33475168929638,15.948520432138562,4.592651971732139,Winter,0.5729937127127005
67.59376581301015,13.16903669316851,3.577982653254418,Fall,0.49963100810838834
51.80175629374963,17.011634581884838,4.942124472502999,Winter,0.48431275842833044
59.7526262482814,17.34588401919605,8.282492524372184,Summer,0.6415674036227068
81.78930600883288,14.167259534300696,3.3520804737087273,Spring,0.6012036796820157
58.38466617334404,16.74026656727344,1.737615931357438,Winter,0.4537686952696449
55.07132052319281,13.949429233385672,7.120140203307807,Spring,0.5206232169851859
67.13084660971471,13.602815435206008,8.259782127080818,Fall,0.5971284261252191
84.49776589387102,12.372227564303685,1.0063747852353333,Summer,0.5628409999913822
58.47193450290251,15.054332791152824,2.3987411275594472,Spring,0.46220086872078137
73.52474415920575,3.172102105861474,1.419719897609939,Summer,0.3704030390212966
76.65668653650512,17.61741518397857,3.4794141158216663,Spring,0.6261734331418555
58.317314039733986,17.43687055490464,4.503509789054126,Fall,0.529150762903132
75.48757220141508,0.5849456606911829,7.4882633696330645,Fall,0.434182722025401
62.87240964517386,16.516335011295254,6.511475848816741,Summer,0.6115311686896143
72.13070407077528,2.577397349468904,6.2092856747843115,Fall,0.4193078398564357
72.17353987663131,6.702377085182838,3.523749466096544,Winter,0.4177165877518524
68.75211394261655,14.870165125832155,8.4144755308476,Spring,0.6384969243193861
53.16014195190429,3.215197920966164,4.712871673981645,Fall,0.29054335630500705
79.23558734562333,16.359340482381242,9.791049380151545,Winter,0.7282715939565971
61.22730227401075,16.64268355915484,6.3414213829573685,Summer,0.6006246940408171
56.528147863994896,10.149354675216724,1.2626474156450274,Winter,0.3347969705211223
51.427129954416735,0.1277174343366716,6.7617756207543405,Summer,0.3053063022410897
70.68125301158847,5.740762663498256,3.25104015431699,Summer,0.429310831676462
73.71475266447989,12.338538367514843,6.8632719668609745,Spring,0.5978563872183987
50.58057401247496,19.62372356054847,0.6964114816240574,Spring,0.4516016488262794
67.92325704047484,12.636270540333367,1.7488143717595939,Winter,0.4469389572000486
57.927352131927826,5.196071621283195,8.557372589057863,Spring,0.4343876811399928
72.58104766433075,12.680114061992228,2.271795570235149,Spring,0.5046721804164764
56.1028250151747,10.799707594317109,8.3704112524294,Spring,0.5042771247643429
74.1828208335863,15.596907903022872,2.792760884544104,Winter,0.5479963838567183
63.53573712051881,2.139612776539168,6.428819100587076,Fall,0.36801764291993655
82.78554960578572,15.22055805004056,6.9415057350983105,Spring,0.6944844831999215
54.81323304510976,10.825331573522206,5.126547531450529,Spring,0.4324151130610423
61.93732228675905,19.25984007717989,3.053106766967313,Winter,0.5381730067070963
53.971573243420615,6.837443320773722,2.126443763710961,Fall,0.2977852293339429
82.3642766397497,12.652437862678962,0.3318935456242622,Spring,0.5213631625083823
80.70687736833433,18.64056211020035,3.039464012407238,Summer,0.6758655825773461
59.027956970030445,2.050194559813585,6.53162790531283,Winter,0.3329738020464915
73.09944161119627,18.744569744729024,9.383048184484826,Spring,0.7408263190674678
78.60277700704256,13.757714446016267,8.71204482263052,Spring,0.6840510531830977
69.43202840598119,1.356741182103438,7.660647765353026,Summer,0.44460423535850463
68.53777024246023,6.019271338936325,7.884473432532987,Summer,0.5139086544059059
58.46483018151581,14.163441772905632,6.649849034759953,Winter,0.5138190654688739
53.25859687320647,1.347012029375434,2.60286857566003,Winter,0.210883105515012
81.40255152836644,11.643409203525465,9.071950307058298,Summer,0.6955332957847133
81.51463200071657,6.917661139059135,6.707323119058341,Winter,0.53799499089972
72.15855100456437,12.418310355349542,5.6044063098044,Summer,0.5849830729809846
61.866042686704525,0.914840676250257,1.1098946921348107,Spring,0.24372646219619024
62.22233511144313,17.430736123047524,4.470555438064254,Summer,0.5807140655295302
75.40844876045838,19.469779383547937,4.6035827120192625,Summer,0.6893094807676523
81.3988590983402,19.37755710571383,8.645636095226699,Fall,0.7729981304807568
81.0480248492791,14.993036634858495,5.466482201877884,Summer,0.6716424784134585
77.29564410501683,2.6017248026126394,3.8040054897040965,Summer,0.4310810910047963
72.47110761540007,15.165263918580452,9.768003285106593,Fall,0.6812453537116963
52.94489877482671,0.4917383291760302,1.1072059332631567,Winter,0.16634818660191336
55.65700499331148,0.4424710305799451,4.225484283119446,Fall,0.25347249394001087
81.44939659844778,6.4722043829908245,0.4202467517140529,Spring,0.4251988384845593
71.22501708808565,9.772863808093316,7.3990412076693035,Fall,0.5458595932067039
50.32189680658204,15.408148356155865,9.180765521991507,Spring,0.5565769461054941
53.55150400031113,13.665907532130104,2.8003732955048943,Winter,0.4012903874652559
73.22256191878195,8.918054127534967,8.583416767991208,Fall,0.5681395010944599
50.17715543461765,5.472533325633318,2.9221823046189774,Fall,0.271543962746123
55.62828179961245,19.942490003154223,9.107701616439153,Winter,0.6334529926595961
69.20568262783051,8.523626044719459,7.5396190359678394,Spring,0.5283935292634659
74.21633191924427,9.02774048659351,8.049067768414385,Fall,0.5647765022057291
72.81864408259102,3.2724764238333837,0.180065556004545,Spring,0.32308070937811184
57.84942583111959,15.896190974998587,9.62810357074026,Fall,0.6058587979318959
74.92627274716375,13.873644515629772,7.266709920703232,Summer,0.6558747104180185
58.303718062388,4.415392255775208,3.047510953861333,Fall,0.3046309204132148
61.38898943557437,1.647620912316854,8.29394664858847,Winter,0.3756731862883758
76.12719917913084,13.609986041494261,2.8152119841492995,Winter,0.5297523113290048
72.7371514666525,13.090224285622705,8.727538395661279,Spring,0.640830712007009
79.72281936729622,5.465190539964187,1.1258039041193701,Fall,0.40433861828068585
73.01645123051202,19.017271245008207,7.036859774607958,Spring,0.697518842627351
69.8908011167415,3.0211578356180047,5.406984766449103,Spring,0.4071187835303465
53.27861687398324,8.646696020852039,0.9653447019544081,Summer,0.3277422879174872
62.870053107080174,18.872318403351976,2.41893828258839,Summer,0.5650067023139342
59.28208286886039,8.394546338522446,0.1240403627731479,Winter,0.3014394758696448
58.539637518267924,12.77051895328171,4.687679654645058,Spring,0.47410930606794355
84.0553694163356,7.9518879592558855,3.0126526076000038,Winter,0.4941334824913275
63.75842036333661,5.484304046973401,5.983574842977588,Fall,0.4105556024975048
81.22162943119896,19.679552959196563,2.972378077086172,Spring,0.6730501669650947
72.0898519099042,8.18668012630086,2.9991911150698467,Spring,0.44901174939536237
77.8183956239577,17.88198407358269,7.431931987316034,Fall,0.7058306615583907
67.59229825868172,4.599092117821724,0.4814283597835345,Fall,0.3091423675840349
70.19163596192257,4.262094080501666,9.028949951919872,Winter,0.4798911871711943
67.23811928366024,0.6226816576902272,8.522638743911815,Winter,0.3982965385073625
56.83350457293156,13.033336507517701,6.678046832264065,Fall,0.49810958181765574
75.28582403415268,7.370526874475223,5.932215701073843,Winter,0.49369264019090625
59.827032685429955,17.28716499679274,8.923024981396523,Fall,0.6239224470679927
50.851058825100885,9.464198133831143,1.8533017952871444,Spring,0.3238922011995008
72.59153035675087,19.363868558294435,0.7896916219082861,Spring,0.5753463199940158
56.19887377924671,3.710510314062423,2.395101699095381,Summer,0.2989818245742537
82.91605045235201,17.372463359112217,7.945782787001903,Spring,0.7475943229973043
83.38750019509055,15.531937055834835,0.34670266726483323,Fall,0.5606988245833366
82.0202536577157,15.41843689288104,5.828068350834896,Winter,0.6508107984540032
62.95555450894055,16.895664562337753,9.954375161913099,Summer,0.6865542117244172
50.54098157851036,15.220479818859978,8.556960938375394,Winter,0.522537739356181
82.49114969057038,12.524406432628307,5.214456890435894,Fall,0.6078189468156876
64.986445191106,2.6248975536477515,0.6364090928664234,Spring,0.2777384748255076
83.83291866652843,0.6505235898250383,8.313735143857098,Summer,0.5293635205332514
83.72669919812384,18.416956956313737,5.989785081772105,Fall,0.7187740513979988
79.85533094135761,12.333006290414762,1.1493299705956683,Summer,0.5385835848616068
60.3057112224355,15.930745819523526,0.938572848233562,Summer,0.4766224226714413
63.47842050106738,9.630447030251002,9.096268194365924,Spring,0.5434016150614687
79.78978350308999,2.3461637792478895,6.692002629380784,Fall,0.4692598435797055
61.09227018046972,2.5037158440510088,8.292867993167555,Winter,0.38679749855537177
55.93224613401324,13.711305744579427,8.789789002822673,Summer,0.5753639155623633
69.48804418604226,8.606117897989254,5.717723520483222,Summer,0.5148064913711733
82.76541709562733,4.010494534006734,5.174463517550413,Winter,0.4708776431932654
74.36104288362405,9.831890934828738,4.304274103209902,Fall,0.5027698054216237
69.95214095312778,1.2841787415026817,3.169465877911193,Summer,0.3566642326986372
53.4011772819769,11.639428038287976,4.345959608587117,Summer,0.4409459115002157
71.52525293447094,5.379868088701953,7.738796557301564,Summer,0.5184753978163945
84.65188475364921,15.951182012743763,6.019234310151315,Fall,0.6876631864150354
54.90294053327834,6.207239178471475,8.925232899548462,Fall,0.42963004871534616
68.14153783273079,9.104402981636024,4.433800143791878,Winter,0.4489079780731253
80.70805751747844,0.2324107981620127,6.07089578718754,Fall,0.43037869210177204
75.92690162139715,1.4489377558911776,6.313075530919887,Fall,0.42614930050760624
74.39555093483438,7.849871128133696,5.916971623063255,Spring,0.5154906475823241
74.58694293954882,9.59877669434247,7.026337730855163,Winter,0.5450052218296622
62.58219029269143,12.000410962386074,2.374334683748063,Summer,0.4593910883547034
60.275714549257266,5.833251574186065,5.123637775457906,Fall,0.37868989797484776
78.32764044174797,13.899637722530851,1.0422480280834767,Summer,0.551211757495335
78.35396881377133,17.20244794378409,3.8451132764481253,Summer,0.65696166362156
80.34753115030364,15.597019777866997,4.876670686212644,Spring,0.6449031741082787
81.9634193394765,0.7923765069671429,6.522242595454725,Fall,0.45497861002489604
67.89698396013281,9.610138945156578,9.505310525862035,Winter,0.5565267744667769
67.55307031405198,2.0986035683634974,6.0065106654835585,Fall,0.3819125257725635
77.94033126383712,4.840900317250549,7.435939161765598,Summer,0.5409913237874252
72.74873757722179,19.73325186534293,5.062660594952027,Winter,0.6472447760347375
74.56884070401962,2.8499108580302646,6.341040313763314,Fall,0.439962844597261
77.85274343026353,9.977763069027121,0.7093221613377343,Summer,0.48301142314938167
81.15018696361483,12.363114686362382,2.54391580841847,Summer,0.5743261048273185
61.829830489803754,14.049299410882078,3.618530932051387,Spring,0.4907091411745661
63.14540334239804,11.192973669738283,4.724933550065136,Spring,0.47750986657536576
53.28936789443041,0.19541694838367318,0.45648745502383736,Spring,0.17085739129440566
70.23980493486609,6.529226164879837,1.4002409755331768,Summer,0.4015992401830959
51.25797958288597,10.354232867694229,2.7681430779130576,Fall,0.347864809333023
66.29593063463611,1.757329982896667,9.715326909010507,Spring,0.45378609155015226
68.99256221476519,7.012538624183615,3.3134700710305074,Fall,0.4099864077248797
60.02894382448996,0.6640621758273313,4.820410581120825,Spring,0.3036773946854834
70.67916411991538,1.5715699431004149,1.9609771273839294,Winter,0.30095974380798707
51.06750874786673,7.938465524031921,6.107800710757683,Winter,0.3673330470634424
51.3071866062225,2.654315080861207,2.806832155159743,Spring,0.24342100706595585
78.79101962308803,11.350816965231163,2.0699257843842678,Summer,0.5361808822980845
62.6066724493942,13.789299382745314,5.16572628445979,Spring,0.5221921447126281
54.447117942815964,16.011733982181656,0.05505799160420821,Spring,0.4066892720951859
68.27851410191815,4.003004884896201,0.07664032649225327,Summer,0.3260265318142489
76.94977435845138,3.349651645181395,2.1906880910185778,Winter,0.3680572471178147
57.55373596238951,2.091356806688005,0.3672136250082114,Fall,0.21187883009985295
71.801166653665,12.728604990872734,1.0802575413069138,Spring,0.47711232085302935
52.98716127478188,14.129514529738023,3.388606493387516,Summer,0.4567843408125743
51.80886024090127,0.6317228965128407,8.025856795798129,Spring,0.32032932359737676
68.59741210488518,18.724244924873798,5.720486433693008,Summer,0.6615443288605969
68.92222925635373,1.0394256730294482,5.126677259564164,Fall,0.35625195460874637
72.31004655243723,10.82592670602141,2.9348882320812164,Fall,0.47857264553158685
75.41319668029315,14.181210389018329,9.317537194328164,Winter,0.6642871664663705
84.15482278118871,17.41938247492171,3.9701504123719165,Summer,0.695864161263771
68.07051219054183,14.281738642648556,0.8709276679577149,Summer,0.49490470265912173
61.30347655294361,16.034561661395838,6.170665161178013,Winter,0.548523022732747
77.83151681690462,6.789003850856121,1.138383934766014,Winter,0.40363997541190283
59.479128794172595,16.296502274930244,3.452231428016921,Summer,0.5276586129367069
65.36399972469727,1.6022969276935028,5.074119387178088,Winter,0.3333111258000916
52.74597334697931,17.896333121210553,8.742225246851758,Fall,0.5889807780236467
50.88727601954101,10.951847523074726,4.935465803401186,Spring,0.40805717759723614
83.69269451372737,16.345955399249874,7.022587660316643,Fall,0.708170767130666
79.25930421792721,9.046365690366002,9.928168389990704,Winter,0.6214548772577453
74.35909721327943,12.871553903930499,1.3148911989798162,Summer,0.5185659737572934
64.31335305449944,10.528053218722263,2.747315255195195,Summer,0.4546576922675919
56.0653012024796,14.631790435106637,3.945760755976464,Fall,0.463050935660298
55.47529649348801,1.6325996406117915,4.218281785388314,Summer,0.30014203885116036
58.758501435760834,1.207041679811276,4.110210752655457,Winter,0.27035841988319737
69.22293326471421,4.942064680202929,9.07611002556555,Fall,0.495498503655579
75.01085729450219,3.190893602263767,7.140326444668564,Summer,0.4935891174673403
73.1069081851206,17.435671331844034,6.079052140907038,Spring,0.6551555881393476
59.797686393108,4.384279747160886,3.093727178627821,Spring,0.3236255191691584
83.4202848232118,19.517305116382627,8.237903842212948,Winter,0.7684907097226372
75.8263920843519,6.737915835422137,9.550605114849889,Summer,0.5996602231674835
69.40239183789902,3.6423583137739857,8.211982825502265,Winter,0.4497458417189352
71.41022611820233,15.793970142849583,0.01565105191472904,Fall,0.4895667224279088
64.68600218497265,13.174155510017522,6.36401370183407,Spring,0.5488126191725022
58.67058463254051,9.96391432906278,0.5113538144210072,Fall,0.3392319891245933
62.45904375279416,11.107271018752625,2.5760722033372185,Summer,0.4493250450782861
76.52461386625292,14.384035565445277,0.5952470034777169,Winter,0.4992346956441073
50.50377210204145,4.5690948266259745,6.037954529493877,Winter,0.31217421071521834
54.062542417742065,19.926678321134837,6.865899134926067,Winter,0.5794326856169272
51.610092470761344,19.495863242935663,1.1448763806590512,Fall,0.4545360046615665
51.425508081163954,13.006513726938739,3.838388830449795,Spring,0.4200112429768711
79.94112044038525,3.9908490185829026,4.562365089555421,Fall,0.4522021538720534
74.62802507830082,13.604564848625827,3.690530217609166,Fall,0.5486106489575754
66.59608401805639,1.4439681795835169,1.2102500048519305,Summer,0.30069928860825645
53.42419562278505,0.6130500441161213,4.1894779018747546,Summer,0.27255214082943724
67.20655562908914,5.153657770224274,7.511780478084181,Summer,0.48586365113841423
66.5715119773198,9.252459134786326,0.7100766453325547,Spring,0.3876827740845592
56.06206544685053,17.36545010816761,0.8018001408190345,Spring,0.45115812842089786
65.18480772332906,14.543381395326161,3.547712918359842,Summer,0.535875309144684
63.94766570390807,14.85413042399962,9.417257116189251,Summer,0.650858045563254
71.55475343182758,8.509866688961507,6.6857264672291405,Spring,0.5245325492894488
72.22827778036753,6.918699850939259,6.786699566725648,Winter,0.4865332192721306
51.585640342021556,7.4207752596920535,3.6191999083786497,Spring,0.3327564290173627
63.11144151192649,19.752991274721158,5.9366079120853845,Spring,0.6299495502878193
71.90509704999828,0.8021838282496496,0.10131184027743378,Spring,0.27923097737214075
67.60976905030307,17.340629922448972,6.360960464095422,Summer,0.6479559098346606
79.97714444159128,11.573508171447868,9.132869475762368,Winter,0.6475579803246299
73.05427710666308,8.77230838379181,6.125734683448192,Spring,0.52583804574963
55.70270494785004,14.50515320830273,8.736985934663451,Summer,0.584903902234096
52.469906159015046,9.733378828494057,7.239730554660938,Fall,0.43490904300071564
72.48467473722104,17.46846476163321,1.2055841640369025,Fall,0.5446225103464993
50.92789586895676,18.01403728022517,9.024533072858418,Spring,0.5960034827688704
70.50214534457122,8.434418537469108,0.6644384435577488,Fall,0.3869601631878843
82.90805844987352,5.536555944701032,5.3396747254776376,Winter,0.49788788196505984
70.14159622565576,11.847006571867244,1.4213712379345766,Fall,0.45122735891187604
63.58594741722827,18.24726691233382,0.11706610730904066,Fall,0.48368431107249255
72.51508764548237,4.213243780113332,4.22034260127639,Winter,0.3962631524156984
66.03885116720308,12.459331671269656,2.9504070765415626,Spring,0.4775486946981794
69.09658762605773,12.631204401850411,4.86000493797603,Spring,0.5357915226504638
82.95126830717838,14.66226044830562,5.771998867345508,Winter,0.6436668458267996
63.5135923230271,2.631353702545196,0.4373907230894736,Winter,0.24543864756012224
83.641669733837,14.31649929364177,1.2300329512374564,Winter,0.5515862611941587
81.68727246846223,18.18065041331282,5.586423964504253,Fall,0.6955083638809901
56.852689717625374,3.5936621774048394,3.4316735317265823,Winter,0.2816966302534636
52.42764553063079,4.750866498477553,7.29173487549448,Summer,0.39096995516208605
53.52723004820993,19.427901880832792,6.522916485919397,Fall,0.5720324582063652
50.63776389780424,3.6195390541897954,8.456043629899067,Spring,0.3670583235411383
53.305503626457494,17.087701867391583,6.924928266692253,Spring,0.5537026854959045
73.9052370695725,9.845557128960696,4.299310773901482,Spring,0.5102709270957115
52.49160269610802,4.944621488063541,6.729666223944324,Fall,0.3530003764918854
61.16414706028165,17.414998025450227,2.753811742554185,Summer,0.5400963312915894
79.5706358839309,8.90610510005331,3.063134987782127,Winter,0.4838293384503331
50.81451775075391,10.296347078593804,7.889851599207933,Winter,0.43689662531023093
78.50639689061275,7.184667387995313,4.4641951640158215,Spring,0.4999476106180333
59.864917117069,11.859017028698549,7.983803405183525,Spring,0.5339322784888287
54.135768966757965,3.2704774517004553,8.224223736682784,Fall,0.3671746020334937
74.38580078774527,7.821630733035214,8.575623376612837,Summer,0.588184361600615
72.01299963729593,19.38824644670575,9.166352358412073,Winter,0.7199393132248045
80.71152047344685,5.162668654022551,4.309852205132962,Fall,0.46913147661840815
75.727486533136,13.134733290825844,3.188668183211388,Winter,0.5278085717873926
78.1218325634697,6.503801284493898,5.821987465941138,Spring,0.514692954663201
59.87121003999573,15.469462513732013,3.711724234376276,Winter,0.48268333690776705
56.2103840322903,2.6174732143669965,6.010741668002329,Summer,0.3549648403314961
76.27151630743003,19.396420901570895,7.055858626438246,Summer,0.7421864363805002
78.23921587435424,9.075790827672785,6.884050184921369,Spring,0.575184813966972
84.66767997002356,4.721009266929279,3.7455288702012135,Summer,0.5038267448080982
64.44161869189992,1.4699349466002531,1.6686020169875282,Summer,0.2979445999210396
63.02063300274741,3.395158101750815,4.305293384622075,Fall,0.3414368563772604
77.17445362596989,10.395478971120353,1.4259414408190874,Winter,0.45973360553158643
61.928123908855625,6.7400635286257256,8.900970351838083,Spring,0.4872810680167511
82.57650639612476,16.57766731765219,3.458774607378574,Spring,0.6439919670330673
80.04444631450542,8.617750473236118,1.5445974722332378,Spring,0.47184075691180904
65.01479095812564,4.974285451752598,0.2544775990575088,Spring,0.3055026392324428
76.28048737270241,12.342899732080602,6.458223862864843,Spring,0.6044821867968054
76.40900059296388,14.135544337708916,6.369023174547433,Summer,0.6503222033735188
53.60933540925764,3.340838158018997,3.406041665812917,Fall,0.2688581794537298
81.58935173378484,3.3523843257663533,0.7171188884765101,Spring,0.3851387239919388
67.68383303567501,0.7334285386708594,4.096288948952321,Fall,0.3239776815486808
78.92601131377096,14.72804030131281,3.1121749506339356,Fall,0.5784555967539192
61.20173603607141,13.276090552436102,6.7712063973500936,Summer,0.5585754064396657
81.34331299736701,9.492617514996278,6.057792494526904,Spring,0.5826497583147223
63.62205875569571,16.883408979383944,3.6459372819754,Summer,0.5640102160770997
50.379317801810444,16.113403059001065,2.178925542549901,Spring,0.4274470870320737
81.68836917467422,11.707087287935042,9.880359661555918,Summer,0.7142898978339967
53.19503368751467,17.365425610265174,4.540016211961149,Fall,0.49953904375042724
61.17597731566452,4.1168242007353655,6.88274235780237,Spring,0.40326993768516084
83.25216884677818,2.2383923879545575,1.4055296757836078,Winter,0.37169887274515157
83.27125014281447,5.394992230339792,4.855896996593978,Fall,0.4981642527744877
70.07032608431501,1.141737121786297,0.27536719869465487,Winter,0.2573209784253448
72.11430242594298,10.62339056002064,5.054551179104499,Fall,0.5168093244163595
65.69559326924119,18.732113845899228,9.640174071177023,Summer,0.7234742935076928
60.26237700943226,0.7868708133701929,3.8420671298580023,Spring,0.2872865591373258
61.50325908794706,2.442198280200536,0.38996012574911587,Fall,0.24016508579197354
73.53814596269635,9.043980565668706,0.3095579091934353,Summer,0.43635455788430705
76.3331085303188,18.6775003505581,3.879867599468695,Spring,0.6482347631352813
77.7052665304047,6.32312209953501,1.6002493646319405,Spring,0.4251676275308336
77.63663499780938,10.144696173767848,0.23352096328185912,Fall,0.4447644904310657
53.192213606704165,0.8314571810078419,7.562136139501768,Spring,0.3219558011148911
67.30471066459035,2.9668640192417772,4.585230088818907,Fall,0.3650916230055211
52.01455660058255,19.73260245917694,2.8924477197265452,Spring,0.5053497432855139
69.23351088133074,19.30237392872091,9.000831830164808,Winter,0.699458021998857
65.4535675480682,0.09879961868819231,1.161389602005256,Summer,0.2730158865951034
81.06964639654049,19.03623570846478,9.559188289553193,Winter,0.7742681379696955
62.28202543932275,12.782398756310007,3.139667173773528,Fall,0.45471232733053635
54.097345574966205,17.358365890400442,8.884036723086812,Winter,0.5814696261032641
55.00470887184925,9.094797112677181,6.029428764794615,Fall,0.41560886839661726
76.65287211011153,10.311920571585006,8.267073597414875,Spring,0.612322406865567
71.63763221606914,9.776931605138405,9.840131632104644,Spring,0.6071002193824212
53.53929366429766,13.337285150922087,2.8840543781874572,Fall,0.4079649000521385
52.94373821402491,2.793025095126258,9.61135485407593,Winter,0.370943834731412
74.5339196010692,0.599471797453559,3.8948189490242036,Spring,0.36708228223411143
52.54670522274677,6.158598831823818,3.8551190473692234,Summer,0.34403396469758046
78.76510207516247,14.093615254732935,3.403871042545057,Spring,0.5838536615299665
74.71847795047736,4.037069042458967,5.414076073475852,Summer,0.4700860025377007
52.84720732246649,13.468648666498346,1.541450431784871,Winter,0.3691284947615526
52.96931999298172,19.39824092214541,5.537114853580112,Summer,0.5786834537208216
84.53238524754114,1.8780143157883677,5.41704812410004,Summer,0.4938390929190614
63.099477851464215,13.452042364502525,7.6190181260487,Summer,0.589015157139736
62.972475147341186,8.875004386091423,8.336499619375855,Summer,0.5339834875922667
78.44798485401259,17.362845087550106,4.404413503124241,Spring,0.6510908598272369
83.15370020843505,3.542995788947718,3.0233324935149373,Summer,0.4630613021812863
84.51003723380049,13.85251904452329,2.5933489731709445,Spring,0.5968549778958425
76.36823648406296,16.762305792962206,1.9462383670487193,Summer,0.6010349912871957
63.16908549358205,18.892284389480466,0.5764758219902488,Fall,0.5001656993881951
52.922525084453405,13.664960565792917,3.424479788347133,Winter,0.4101641475935702
77.20014205746028,9.943495280168547,2.7024769213078326,Summer,0.5186313508141722
69.54414874075317,12.356944804024277,9.664173858664073,Fall,0.6203184991808066
64.84777032364417,17.378099689574363,5.577088262500439,Summer,0.6170576624430195
81.72240347831575,11.412194932776593,3.4727703903050755,Summer,0.5819092088166975
53.8919118807153,0.6077411939367372,5.80467600993696,Summer,0.30744913456902057
67.24187865018007,18.618973910139555,1.391967013456955,Fall,0.5356489697794043
50.39737756685967,13.790535020631223,4.4404374920220295,Winter,0.4179375041033928
66.40312246979443,13.53026771554493,6.262343214210638,Fall,0.5519330084162121
51.970614648864306,4.3135030479543435,4.888978317924514,Winter,0.2937427672141729
54.15862706938252,13.177709404653143,4.017788006543243,Summer,0.4617849844542764
54.11341863719867,7.87728811308317,9.938483888996982,Spring,0.48043424883160823
72.72236057406222,13.024659540829841,8.80314762148927,Summer,0.6612749059654457
76.11157077428982,2.1318606061598144,6.234059581594401,Winter,0.4258680765773699
70.41790677840058,13.156906092060721,5.693773611822827,Fall,0.5579028166367993
83.67603919660897,19.98827451541333,6.2066047982458405,Summer,0.7763907233910252
63.12047028332964,0.9642407772111206,2.0131210782243327,Fall,0.25970014912739425
59.99992301986512,19.543483684426345,3.951377432643186,Fall,0.559322221175631
80.40096948663111,8.138159214457412,0.3945953289089932,Fall,0.43368412043293314
57.82585434818084,17.415069006745185,4.7554603748682664,Summer,0.5610544103024337
83.7127888804214,15.64770968116547,5.4302458395766315,Fall,0.665965069897137
50.42540661414357,11.340325219733355,2.277497361032096,Fall,0.3480857204546055
83.94575893476737,14.76898418502653,9.640288471655138,Summer,0.7683162975500286
51.51059691827017,17.57031122602696,9.09454610937242,Fall,0.584077572967968
81.19000897943249,8.082806433020659,7.221432354559059,Summer,0.6038993663261052
68.4695388180205,6.540663231264774,5.333866287653626,Winter,0.43032749603930415
84.75376786417552,13.351867711271694,8.69969159647685,Winter,0.6928648068224725
52.58287976573896,16.15691883882517,1.3065234382346291,Winter,0.4032435642941499
69.38489995404623,15.245702695532316,7.90509794274885,Fall,0.627558356168226
83.92558874666847,15.95627297717269,1.248208139668483,Spring,0.5981687645747799
68.3084245459552,8.71166629625866,7.942106625494054,Spring,0.5341366957877908
72.02895233473419,16.35668432350043,2.7576756825135695,Fall,0.5563835061298305
74.35120411446161,2.404181107412169,8.770905810181889,Spring,0.49063057061174387
65.90893726687206,10.889781959216991,9.440420938253979,Summer,0.6030633611068892
71.96453280294222,0.11517320996243141,1.4879596940511564,Spring,0.2969984080472723
70.4510009173085,6.4917165980054055,4.626756050653935,Fall,0.43677373236777983
81.54053036718462,7.329230697427958,9.809873781626852,Fall,0.6163675381921543
51.59062331195103,7.923453832185108,4.834074359731466,Summer,0.38462257074569756
59.833711635728065,13.909344133797244,8.635475225145452,Winter,0.5575423044283139
83.26440194267956,7.771162025406914,5.887315221313198,Fall,0.5543960316226795
81.15923243618207,8.973872452450614,3.753299079196019,Summer,0.5477268251488628
65.94798634749995,4.75088261748655,2.857835555258702,Spring,0.35955130092461496
71.70464092305379,7.465035832586802,2.0322309108608727,Spring,0.4166466752663269
59.70834140433964,4.545392545263029,7.617981913776973,Summer,0.4360167630507114
56.584240590331646,1.4639184753688728,3.8654050682302787,Summer,0.2968911104398909
66.22944417289938,12.068971867627559,5.112754622007511,Fall,0.50602935144256
62.36732798091185,13.364255971100325,4.9232548000118195,Spring,0.5095993811719519
70.42796391478052,12.38980692019229,5.772790292331313,Summer,0.5780341320196851
52.72071229377447,9.269880876011447,8.655771456245523,Spring,0.4677105696580791
84.10381826831582,7.595715603584596,9.807393435834294,Summer,0.664962564303688
84.5173760567861,17.266672991436504,4.075842085738169,Spring,0.6777590854822315
74.43565999069108,10.381635702724362,8.27518922106303,Winter,0.5808606627660751
68.76337282204422,9.58363755259462,7.645277946547177,Fall,0.5338793954886869
60.83346657002147,0.5128413161287138,5.735289514555733,Spring,0.32430393329031093
78.48282568974321,6.824956552523127,9.56047143611933,Winter,0.5763427809516233
73.96559103938577,7.603912375717141,2.004745155284028,Spring,0.4310998232522135
55.691592877071194,7.97645561793801,1.0926421030962141,Spring,0.3140230641999727
81.88245145728449,11.603447384546646,8.539619669554222,Winter,0.6470295410580527
78.78880350231091,10.67205093453757,4.391498166337483,Spring,0.5524181759294471
83.24299696521734,12.158101855868892,8.469688542070605,Spring,0.6817252813378303
75.40018279359259,15.297665230842565,8.930902051954149,Fall,0.6832269211793934
71.46953185775264,16.25971477432187,0.6245759361907144,Winter,0.4990702795258003
64.63850627017166,14.362461524529888,8.834647629860607,Winter,0.5957784827232843
82.64549691739046,19.110473919098695,4.483190553694222,Summer,0.7228666165311675
80.3122361325143,0.3646516535272326,5.104324890042323,Spring,0.4207690505038366
51.58265345371663,3.915559713670922,6.265925110932102,Fall,0.32309563194494384
50.92284410740382,0.1512574995628424,9.263826067300867,Spring,0.3328187787389104
63.17621784073174,12.94949428309206,0.1911609442976403,Spring,0.4133583065079437
78.36936657736415,17.96061097899974,4.768434683178171,Summer,0.6868885245049261
84.55466452602306,4.8696459315259855,6.877220424305607,Spring,0.5480443233219908
55.264591188623484,18.540690895926133,7.227069576982284,Fall,0.5827351331992434
70.79457503732473,1.205347805791217,6.92532431537108,Fall,0.40541284646471687
63.33117998208576,18.688720536110285,1.3443512940812186,Summer,0.5433960052494831
83.94700392351112,7.032453744792688,2.9939558837168123,Spring,0.4993488034091472
79.4741623097498,2.0284165689843303,3.587155254170135,Fall,0.4005931382453094
79.34150466488983,9.717435183726513,8.04437207679505,Spring,0.6143147102340263
66.40426059282396,5.135531354410158,2.7875987241455302,Spring,0.36652357675805713
64.51868258181828,5.697458039238457,2.1070496386720317,Spring,0.35056676382955054
59.569247517574716,6.1457992985257315,9.574480190380962,Summer,0.49835800767164645
51.97314238278245,16.060517956653268,0.088632851134689,Spring,0.3939555257026782
80.26528316892686,10.783225533505089,9.978208556819782,Fall,0.6642570293899827
78.45153531955272,6.2261539831200725,6.768212988573956,Spring,0.5313367713442958
84.99011856501457,12.206675666218366,8.28469299449117,Fall,0.6787375295403251
84.88228929758668,14.323013484463871,2.9461939634619316,Spring,0.6130964489509777
69.44010969609195,5.452480014670675,0.14315277667059978,Fall,0.3257365968739976
76.91455953131786,8.27098203050703,7.3786951856153005,Fall,0.5554361172060136
83.06680054588497,2.437721866738951,8.341445970006758,Spring,0.532347893377705
79.7376586737094,3.6229869906936063,7.404761319535192,Spring,0.5123695093865902
58.65718356101192,13.622357079299656,1.428502873008386,Fall,0.4123750339983021
65.76904473585327,3.628766953912539,7.53427922256969,Winter,0.41522591582210067
54.52057953030233,10.503267673341202,7.689227821076409,Summer,0.4971654545519453
83.39178595405528,14.180925234448654,6.585405156700549,Winter,0.6552321871024853
71.2161122057808,2.1375384618948767,7.661159327955862,Winter,0.42652119037771646
58.002498192621196,11.346244392578072,8.459214396777321,Spring,0.52510651492491
73.50952395420498,5.131255674027275,6.136041142374584,Summer,0.4940297948390721
71.63448841602636,19.258537504751597,0.8860471396967906,Winter,0.550224653456789
62.53569513114942,9.670912934398494,4.876278096672109,Spring,0.45422179955598774
53.974515726987015,16.119850995503164,0.7764933467160506,Winter,0.40003915030679427
73.50506184574799,11.004530843125234,4.075430310324308,Winter,0.5008912079719247
68.21076953163276,0.8682506570963833,4.071064891256277,Spring,0.33850659786232995
77.03114371074737,12.663027511880447,0.6600984414024158,Spring,0.49761105985338283
68.20572253891977,19.02806684413314,3.488205339694793,Spring,0.5992178096782917
79.82635251114891,12.032236402926625,1.1099809879131484,Summer,0.5331194658658704
69.316739357107,16.383777188535802,8.082352100092221,Winter,0.6377850675847786
69.63282900373852,17.684129266968156,9.476880259644707,Spring,0.7069871385044938
80.68287609304207,4.5615954389786495,0.7231647525793861,Fall,0.38821794716793645
64.1219003174339,4.240896798164533,9.551152072917015,Winter,0.45533306667328777
54.69053299577243,12.219619777019835,5.225765993367451,Fall,0.44461266221277473
51.00739367096686,8.220569396134094,2.9956567795387388,Summer,0.34897821179545396
76.42980394857666,16.797226057334406,0.7686207527616351,Spring,0.5583582570499727
71.71083429737126,18.000462467960222,5.006242680704178,Fall,0.6241937009041798
74.64279188347282,7.068427586054362,7.945155444907487,Summer,0.5657454763088099
57.453745652811875,4.737411179489641,7.070864772666981,Spring,0.39507129544746644
54.773001645536944,15.610510304877236,0.5022601146397376,Fall,0.40147715198330725
50.50906329837587,5.496120710962722,0.7290183536790351,Fall,0.22993111087159795
62.270564558230895,16.45228637027357,4.028732826326371,Summer,0.5574764638419503
70.64711903991216,8.474765072975256,2.9529049404794327,Spring,0.44416311227514416
63.728541578490635,13.350997985829409,2.3238432305604784,Spring,0.4651906434185973
65.31162227083051,1.9107062766933636,2.810044989087136,Fall,0.30235647833688895
81.6455543072812,12.47718649353146,8.034827432968846,Fall,0.6586860849610986
62.188941345815515,9.035353574744583,9.29228053631854,Fall,0.5210270077521997
67.98963212059337,11.732169263509482,4.051026945275664,Spring,0.4998009756901177
77.42785544594001,3.3602841548972684,9.061110021324971,Summer,0.5483570652981871
63.87899738124446,14.737474898883642,3.21495701247882,Summer,0.5246698201970851
71.77303450797558,17.25594155086457,4.764369863437916,Spring,0.6185438605773017
80.18272980613608,4.334796001815513,2.260289978159997,Winter,0.40270048133978165
83.23322182801748,1.9142911104032345,6.404760421758439,Summer,0.5067136998227458
55.14757183251633,0.4727717209267279,9.78981115174809,Fall,0.36230249503467027
82.43056688065231,12.839430008865321,6.034930960433787,Winter,0.6186075943739544
67.22407025778384,12.141880721775616,3.5781408411354887,Winter,0.47211428626525165
59.03855359046354,10.9339482542814,6.478174459905284,Summer,0.5052215906721184
66.06975146833915,4.638941922319509,1.2292067846538757,Winter,0.3059954157755224
84.3011401349917,7.818119918110293,8.886590802653986,Winter,0.6110101298818296
67.24163328975044,11.889526703723462,5.030839507798364,Summer,0.537483309510393
61.50630636006279,9.935337177183388,4.49349742039642,Summer,0.4646503281231809
72.1690299010854,19.755710404297744,5.858647884535192,Winter,0.6601887846185153
58.405096657236754,2.7287950511346626,6.2478386278940246,Fall,0.343917822080539
52.65521648380324,13.902891080951875,0.7177580622651303,Spring,0.37807119308131354
54.510790266872725,8.086375362085843,6.826172212234024,Winter,0.403595019058098
54.48160436352204,8.563992298512295,2.419316803155296,Winter,0.3224553883323449
55.3165942729303,14.351955313163526,7.139526325065898,Fall,0.5184503949012297
54.85895104272935,13.848723026487393,8.225347943841967,Winter,0.5200032388040323
72.43061606811251,19.825119874043764,8.039585075525203,Winter,0.7063434485818034
56.36580295397007,2.5678857890825046,5.525009674078891,Spring,0.32539449719764435
62.09835491633521,2.0821929876833267,5.201698923107512,Spring,0.34440032994217284
81.38759434671042,14.486776342574823,1.4287596133941172,Spring,0.5652345193877071
66.58865740920054,11.567738340128182,7.753461504031356,Summer,0.5833776332351244
73.36452084823595,5.483213331196117,2.7140938044671437,Summer,0.4300416237614901
56.031195492057044,1.588387379779732,4.966954228179466,Spring,0.2976288695006113
56.730115658303475,1.7131649919286107,2.842740929275167,Spring,0.26101009722616664
51.43040156932676,17.883817493282365,1.3382836299969314,Summer,0.46319665825246986
55.91272720752576,3.837346494374858,6.2955769689173655,Fall,0.3472587494084032
59.75066186611855,6.467431242310415,0.5433203482290383,Winter,0.2835959434056287
56.19536694968614,4.53312804453976,7.486452341262,Winter,0.3731280643486858
53.10458868149695,7.099926116638747,3.1758679526111666,Spring,0.32775675755321565
54.22225548852103,1.3884768549218673,0.0013469300448532007,Fall,0.17498126564484523
66.1272568811454,10.381195818165407,5.111291392372298,Summer,0.5100995187264723
57.221680144202736,1.352251271844298,0.46851908527603126,Spring,0.2109208944643436
62.74944513668264,16.007130156447232,2.761695578208995,Fall,0.4981948361205034
67.61960447991999,4.6742416382086605,7.069764874557162,Fall,0.44219237623524454
74.1638190020278,10.800238292090212,0.6268962162186587,Fall,0.4426204644315995
51.37592489443846,17.601581751229165,8.393384923560024,Summer,0.5997538527078579
77.97936396181649,13.017547380943883,0.03819922658583108,Summer,0.5159092750276835
71.97651363218176,10.659155731026706,2.4682386920190225,Winter,0.45483218770396255
52.86156611821052,6.486675062307512,7.409040561520714,Winter,0.38183274355480135
80.5752518437372,6.660038261163958,3.162701497293068,Fall,0.46787032868467626
82.23053401861347,13.389739103963802,1.0189238806601353,Fall,0.5353990442790224
52.13772859492023,19.88278722442335,3.6023391880042785,Summer,0.5425041840974085
59.69071768515213,13.236783796987572,2.7039328638452553,Winter,0.4280059438611594
78.21704479275715,11.155668347400498,8.427119021605549,Fall,0.6271176616017309
76.18908916342804,14.613010204784922,3.1334791758514315,Winter,0.5515166746655341
56.458235677473205,9.304112245674363,7.889324717760072,Winter,0.45425238191159234
57.32722631678486,1.2028468520157043,8.918721448107348,Fall,0.3682869964097246
62.96652359769837,11.245936317558197,4.338174195765295,Summer,0.48954694923695524
66.95830448168574,19.152505690107603,9.09943143854392,Fall,0.6961808111606967
71.63891700356035,3.506058847153193,3.7731805396319285,Fall,0.3817054478059956
62.911977384942034,13.800097816413315,9.640784164901081,Winter,0.5935998784581759
66.18871506466017,4.0186737731811295,0.8928952452557293,Fall,0.30064495472946107
76.16148283468148,10.716553689461625,6.870192665032428,Summer,0.6076463462693242
51.28391210117093,1.9335289929343924,4.938140404569287,Fall,0.2651023835635212
58.835293052040726,9.007418725163703,3.8764880545564706,Summer,0.4231284308373891
74.96723550595934,15.123266577904921,6.327118787486009,Summer,0.6560612915952044
81.33223931905198,6.9514304847796415,7.038570916343312,Winter,0.5440842431360008
67.90871047404832,13.29823448974436,0.04363269650309087,Spring,0.44268165969936046
68.62397198428604,15.908999215794584,1.6695308874719872,Spring,0.5184483030394217
53.75102039689216,18.543556389589053,7.130460506343187,Winter,0.5621969582386548
65.65943283882092,4.692841637109071,6.663854135782064,Fall,0.42315218063696836
68.64160432592581,7.986318316186162,9.660475051286772,Winter,0.5395277290595325
58.48646762721554,3.0483202666083486,7.61037790250783,Summer,0.4064264627762278
59.423513083228336,19.849670043167503,9.50772707731338,Spring,0.6817482383836564
63.204945708661796,18.540019358485907,7.02540501534807,Winter,0.6140652233051745
50.702491922220425,10.799142605611191,2.9805220863944317,Fall,0.35561182036760186
61.27277079541124,16.840665887528424,1.0536492225085647,Winter,0.45809880587973334
57.40068024487906,10.419159545440843,7.818238633449356,Spring,0.4949417672499087
61.46240732622701,12.471713760055195,6.441492214759159,Winter,0.501405021131594
54.19167461367379,1.7824886423203323,0.4818601239329623,Winter,0.18032695847731445
81.16845482589632,15.105408409936159,3.6005046590097836,Spring,0.6166966754772171
70.7757358743917,2.5542696727046965,9.567998154842861,Summer,0.5083924988982373
73.76858117005713,16.521352605050566,5.0040114571020125,Summer,0.6437209820466967
77.62099335125684,15.640561753407718,4.327291360197046,Spring,0.6189885012265244
67.445476962517,14.17489395485953,4.57699605159294,Winter,0.5238517701405632
53.04221008305983,0.7232076104952423,2.0888272400516374,Spring,0.21000871657594614
68.79872896364917,6.062567118906572,3.6870717086479523,Summer,0.43210124932026717
70.53943913073077,5.262251398216858,3.698132559871766,Fall,0.400264645774864
76.09038159645155,7.202728149430381,0.523550201874724,Winter,0.3875998211158162
65.10808411803878,1.7528549352767708,7.675676285179183,Summer,0.42613825897867114
54.465310597844734,18.739156460621256,4.16504431903879,Winter,0.5099042938492074
59.93215670295535,11.076044814247526,8.221798868164234,Spring,0.5273318307367424
62.70788037395223,6.1104862131604705,8.503480011198954,Fall,0.46434335270111315
72.60710344660605,7.939630341485668,2.1199405469865806,Spring,0.430676714328337
69.97724066341192,8.944050810096712,6.573534821701285,Fall,0.5097871195192588
62.46338540642462,12.011886667212346,4.722818041629817,Winter,0.4658540060203508
84.52803370775429,10.313588553929955,8.80156737921485,Winter,0.6480382256518422
71.20211867749106,18.387839464288348,2.157406791764541,Spring,0.5801206916709936
58.30293771075981,9.939269658116604,6.778132003100442,Fall,0.4620970432809568
53.56238654171413,19.84316029646625,6.077521222527226,Fall,0.569554323421619
55.35006987145162,17.028499154901915,2.953014775718328,Winter,0.46505961067476176
58.60852049345779,4.170210287146716,1.3660090365117261,Spring,0.2790648807143369
55.62384806408445,18.611904292878325,6.516397604772766,Fall,0.5716427911405413
56.529845841795705,2.327327957709522,7.385974581323307,Winter,0.3399428158023702
59.97833090428465,16.348994169823833,3.1562734376334998,Summer,0.5253794150387969
56.06807583531642,7.612465869531602,6.448326040223138,Spring,0.41782822790638785
81.38678986192488,17.55948640890139,3.9513090761150327,Summer,0.6817715625811065
52.808181098157476,17.361133802149006,7.132068832826177,Spring,0.5591051328210871
68.35789863495891,16.118508002352424,1.992152748940531,Winter,0.5065229529281479
64.36388894463815,15.800608726141228,8.902150026361744,Fall,0.6271314968172856
84.38325159180123,6.093582781960816,2.8740959646557975,Fall,0.4753613844042496
53.92136157588183,1.6183856610250436,3.677859877561529,Fall,0.2502407629002167
63.92494596660096,8.059603575303228,0.5809195208034978,Spring,0.3520835638547667
83.93146516463791,3.4704902997301734,1.115122123212764,Winter,0.3882538836152817
80.29274940628932,13.899021778049235,5.158619027123281,Summer,0.6447591323920003
78.5975224832248,6.921994530755711,2.675926767279715,Winter,0.440762867496786
59.026598946572896,19.512204017198297,8.354802257421944,Summer,0.6713596708154013
55.981065558652304,12.81944154690664,0.14693388654953843,Spring,0.3694078184126036
73.40251269735509,16.449611272687218,3.7909404867193617,Spring,0.5962916228095818
82.5281596194655,2.6504934548369685,3.3734554676909267,Summer,0.4531017090018903
69.48670125548755,17.24028964545245,0.19327630917601035,Summer,0.533822449468093
70.0064441314465,18.455143810267888,1.2436839900051022,Summer,0.5760233748481003
59.79926827810995,9.741238376378718,4.136426749186352,Winter,0.4048429293614647
76.9322526617178,12.125058755019548,4.928645844474467,Summer,0.59434738485317
56.54653119951332,15.29619601805991,4.042897472548691,Spring,0.4877096394333772
61.32877327414853,3.496772545208251,5.309376784120938,Spring,0.3633749711413913
64.89027535157459,10.051321529268849,5.951316749056815,Fall,0.4848834456434523
67.76636325395593,7.973260555446262,0.0992382112783563,Summer,0.3831057482941521
58.48434063452781,2.9274798432449822,4.640951594535039,Winter,0.3052131760223916
54.01928886587213,7.350688445830629,9.634992408875883,Winter,0.44592753981281785
71.37170148545714,1.3634461877098714,5.190322801295487,Winter,0.36638215732988433
60.10206936340895,0.5162381389897397,6.775422674589532,Fall,0.33097813622468797
70.34333774979143,2.703325783096455,3.118638579168832,Spring,0.359170302614346
55.40269503459708,19.262302231783476,7.739913781527625,Winter,0.5946053521621452
66.83990356491861,10.99059071790034,7.729214818761151,Spring,0.5556711775146916
68.6406301393055,19.3164432230644,5.212960476541389,Fall,0.630523744387111
51.813823788784944,8.64995756660264,9.760138232792135,Summer,0.4953168355193677
61.78114973678722,6.2363226617051915,1.2555021476265338,Summer,0.3459757385168927
54.7045136928641,10.122837256804882,0.16947664889580993,Summer,0.3421150272177843
52.21812396654687,8.790233772658203,7.701582117570959,Winter,0.41856014303584577
84.64860813364808,2.1132936852348783,8.071555373648826,Summer,0.5511225592294887
61.282384574115305,12.816526293804124,1.2020722912057624,Winter,0.40076010922612176
78.34560560491222,4.320763650191992,2.6558283295860607,Fall,0.4099029105155281
58.912422916731735,12.39175909795659,0.1755236336662891,Fall,0.37031499009542745
73.85259527783752,13.004021847963067,2.933086107805647,Winter,0.5100225943203448
76.60797509613903,3.040497062572962,7.731418739186715,Spring,0.4922814027002661
70.84735592127456,1.2269925422133632,5.179605277125789,Summer,0.40112474179728513
66.50516659925555,15.615231721368797,3.480955931682881,Summer,0.5581628321642212
64.4144319951544,9.196008475386403,3.717392949063303,Summer,0.45465616894151584
62.21038932900483,1.1632759101095158,0.013536257154681541,Winter,0.2074935171033354
82.5335200486739,19.897326343395342,2.9980052756523587,Fall,0.6743258295135426
79.07167927257052,1.1556112199273327,6.464587416379305,Summer,0.47274979818404195
83.77594187332794,13.900704577171064,9.741944438163571,Fall,0.7263548395541399
54.35040282199407,19.67357850526827,8.470608269838994,Summer,0.6493752876729129
75.58036163212755,4.783602084318512,0.23594964645529126,Summer,0.38264651923461235
82.84191598873633,2.8449873737439235,8.985606046748394,Winter,0.5300550229053345
56.34315731579811,2.427698788448578,7.83198413298626,Spring,0.36930177771958594
52.32736935783721,6.065502951351911,7.803761235709804,Winter,0.3803570224578303
75.93922272515206,2.020916220212934,4.579957590035715,Summer,0.43013702496192013
70.10655896129691,13.843226833882639,3.980052929545028,Summer,0.5621440837351226
79.46400718653952,1.2458359626012538,3.029157288331926,Spring,0.3876364405573117
54.892033181920134,10.188442562995794,0.6569485895436578,Fall,0.323920085561068
77.83435591509615,19.933937077059536,2.282353634936991,Fall,0.6337095912266109
57.056956201671056,16.279405390120377,2.4660363497802464,Summer,0.49383727185695947
55.72795800029966,12.304388764620217,4.840770697102016,Fall,0.4441124339844845
55.74930292758475,6.125072415732234,7.4744440659669396,Summer,0.43421812714152086
78.51011520809837,12.47791672583277,4.7380982839794665,Spring,0.5848456606133574
73.281902724367,10.540829278233034,0.5784444944716061,Spring,0.44272077320216763
68.30728986691918,8.521667677807429,9.57789800988204,Summer,0.5839960603185761
62.55906694432259,2.6142075348039895,9.427243190941123,Spring,0.4395240736655829
80.70201892845878,17.732084304809334,7.851895431484084,Winter,0.7184592813644434
63.73557875979224,8.99569297642645,9.913279015642205,Winter,0.531689996443768
78.5809803815052,3.8924502364153013,5.444823328002629,Spring,0.47060310800059757
65.36972179995765,7.355187017545792,9.627683502532062,Summer,0.5507084570278717
63.193055029871765,8.282595050578541,0.7560504061675077,Summer,0.3747488197670098
66.19379249843622,16.550757911337485,3.656807482613713,Spring,0.5539334754562578
60.548225595744974,14.672287611228041,2.253812680067658,Fall,0.45543614260260223
76.1663283061688,15.386097872826795,1.9583308413427003,Winter,0.5394799609545061
67.59521365323677,0.22062528857294428,1.4080294889267608,Fall,0.2620140471256252
58.1274443301386,8.32307996359523,6.224136415659967,Summer,0.4557714667964912
81.4851100646099,9.626883032706473,7.813218557473051,Summer,0.6405825312949718
63.436192748062396,0.38384553646113373,5.782983994203606,Fall,0.32819560720563146
69.0243501389896,5.196264174900684,1.4696270958820967,Spring,0.35604707676395
81.72652388375914,15.2057964624427,8.111237699334708,Fall,0.701606123116244
71.84832985698972,2.742194114579981,6.359547071637285,Fall,0.4231714523342439
54.091431424792745,10.706202629051834,3.881657061269955,Winter,0.38160578880284945
82.89412432647163,4.30403744034475,6.74130295536063,Winter,0.5073530454350789
71.96978185749963,0.24241549287786546,2.5990497924283282,Fall,0.31115883885601814
61.721696512998015,4.82402915199083,3.451922084942105,Fall,0.33838000191012174
54.87452254321855,19.517475098201075,9.174858431319903,Summer,0.6641137096320917
77.79088162446035,16.03074223765979,2.905045056714204,Winter,0.5773670725532402
71.70254645749797,19.191532886420667,4.699882681579366,Winter,0.6258851981136
68.67113821917125,9.75708087852725,8.901411373960146,Summer,0.5910766590523759
81.28624040678352,2.19472397355007,7.077213502675274,Spring,0.49324364626694817
77.60090239285857,10.95918977947386,0.6220322616470275,Winter,0.4545479341699546
55.30862079064629,9.087546691199218,1.4730304427897034,Winter,0.3161087851703326
60.91027237284419,16.88714165479232,0.07841590771916818,Spring,0.4572198565353778
58.6971198935063,1.9616516156848918,6.309217902291634,Winter,0.3253069602439992
76.0381202400437,9.764822740435564,4.4767342541041835,Winter,0.5047962847031525
51.17363521575228,3.000973293879685,1.3427485090227553,Spring,0.21857605653580625
69.94613897049608,6.493518537801199,9.579341210567705,Spring,0.5429675392526354
76.68605400092417,14.747141547755993,5.296597239456199,Fall,0.609630805153602
80.68679728666123,9.520362587375331,2.418932941128892,Summer,0.5265372249855578
61.97286120505676,7.517765702915387,5.006035711547075,Summer,0.44130354951785383
78.74400566352045,7.889525571400706,6.796203327351078,Spring,0.5585184110524348
53.872110793432256,9.188935368119733,0.7623921797356448,Spring,0.31520822150755035
79.62583021070813,15.700330876741138,2.74703815047892,Winter,0.579736184507599
54.46210318161938,17.84169377880469,8.069654908839937,Fall,0.5845162373252656
63.90505516961285,19.106693730078565,4.596648704026612,Fall,0.5879908381437842
77.90533780228438,15.738067725105902,5.465771420322949,Spring,0.6448455174389583
55.24710995720708,6.3081379149602546,4.328160022094693,Winter,0.33116875463605244
58.02379883314245,13.762694121730842,0.4389994264300512,Winter,0.381070679401092
75.27883989375732,8.752062481107838,1.6574977982015593,Summer,0.46888140685926205
75.2012787791126,5.093412440921023,4.455416387418909,Summer,0.4695168216714084
72.4401671509854,16.817431588518453,2.0918546540792784,Winter,0.5423280934864217
74.2881955563485,0.7685269792464999,0.49979028659678737,Summer,0.3203133993140533
68.99535551716586,18.03523984270847,8.436496640518238,Spring,0.687803419120511
58.81296706174335,9.229549292494683,9.811925291641158,Winter,0.505041557001634
62.09935977263718,12.744029536165609,7.931428739967394,Summer,0.578928216542616
56.3559200880499,13.187078444115654,8.53784921704667,Fall,0.5348827043629534
81.79576964667699,17.902354814130728,2.419771303170454,Winter,0.6186208605420956
70.41871281681422,12.733393643344147,9.606269755131997,Winter,0.6198046587060263
64.02979958672739,12.278671695201236,1.9692570445342839,Fall,0.4337354996714322
66.17020312754464,1.3330408112137992,9.514298103618323,Spring,0.4426827349694
83.15491688641353,10.36816043890408,9.94819293965951,Fall,0.6739429332991145
55.367299109062806,3.003380016340833,7.117228057460487,Winter,0.3380655420175383
70.5180441205879,14.748675374429713,9.81143731791822,Spring,0.6747048433781696
67.70610376095631,10.24443841625349,5.695397795671036,Summer,0.5287522679341163
71.40089824021267,13.604555584167066,2.595417831760903,Summer,0.5382675374846537
50.63385643372942,0.8334580120476853,4.369958856656209,Summer,0.26352308407800756
80.5243368130453,1.6958403209160644,5.93560935378786,Winter,0.4385745736783284
82.62413988692643,14.326467761253646,0.7308156202701499,Fall,0.5459369853209302
69.77966142562231,1.4416867199734673,6.223432646172461,Spring,0.399120590440893
74.38277883569123,1.425134555305172,9.811778367622946,Summer,0.5169427504574149
82.28747834120534,0.242169504697749,1.9010764978372763,Spring,0.36615394876267093
74.75335220096895,19.1300279659896,7.925951162883833,Winter,0.7069171696102003
55.33886650199915,14.75016718918014,9.078987937796194,Summer,0.5933400751764784
70.17009260583846,7.065028170041283,9.437015928202207,Winter,0.529973413148026
71.23502662339996,5.930711625753105,9.601356044054473,Fall,0.5323308045439572
64.84457349558352,6.994064594916991,5.214596387214719,Winter,0.41402903092852655
75.7755482468653,15.493070623623638,9.773079079915037,Winter,0.6951464880775999
82.70284551691552,13.227412221408288,7.573102071344389,Fall,0.666746627701815
82.39489795173716,3.7039113573493587,1.616714362369619,Spring,0.413006660188988
65.77937799914463,3.482186706681687,4.7690010646797,Fall,0.3677806961746458
53.963331604426436,1.9679129942679463,7.18331175372004,Fall,0.32583253915657107
84.4694419636817,13.206054394026763,2.473403158190833,Winter,0.564527118866685
79.3614330256077,15.287453244434719,6.406151835488874,Spring,0.6652144526654851
54.36319384211434,5.3009285665000805,6.666004790466192,Summer,0.39776656054747844
82.22946589160803,0.41889922061825624,1.6269974380856589,Fall,0.3529918135944615
80.44637267217449,1.643433349528547,5.650853124527563,Spring,0.45164783514590523
68.15933199941253,19.35720069690061,7.716269109786077,Fall,0.6784510040744451
70.69464025107253,5.908895549548405,4.988956645359419,Fall,0.4366676532994004
63.96509463545456,15.384462956762672,0.12103116776107425,Fall,0.4429881084806876
51.9166573587711,12.493271377085275,0.09038469079292177,Fall,0.3301590922365438
61.731903457606535,7.6387927930579185,3.570293439700122,Winter,0.37302720901905145
78.0998707009304,4.113745243911103,9.26194068431782,Spring,0.5475156820646253
50.1621208051611,2.4277283631881286,2.286767796036088,Spring,0.22307768596946428
61.67247100919005,12.300259360777332,6.343636888716872,Spring,0.5180764625242262
63.935904275683015,15.49267561275576,2.2207587069332058,Fall,0.4864390470481892
68.8088461028273,12.878085070822614,3.216699896595486,Winter,0.48498439458183357
82.19494657444662,10.606042664983166,8.48042089601484,Fall,0.6426701811775964
62.122109802808644,0.8390244686327253,7.288614422699469,Fall,0.3576268543566725
62.14336206636797,19.369775551887678,0.9539927731321063,Spring,0.5190171291202028
75.8125436838412,15.97428383309149,4.287020209864336,Fall,0.6028549113156088
65.82762793114325,5.856440734019294,0.2916976364526447,Summer,0.3441241519173038
57.86116880289937,19.599406587177015,4.80890146603009,Fall,0.5650900927162534
65.83538306464428,12.037631792726442,6.62434011701068,Summer,0.563539182457649
54.929995713292996,11.648453164144929,1.1850262359815156,Fall,0.35659872625776423
56.173544527717816,14.961463588590643,2.8888493890916567,Winter,0.4374763389119375
67.44287204588178,16.23539576180275,3.9783662550215695,Winter,0.5427718160753685
64.66239073265918,13.129572146630053,9.195310246560497,Spring,0.6046348770315704
82.01960653738351,2.5619149273240005,9.93255015422964,Fall,0.550048907208073
62.68378646908216,6.765350119889968,0.44911298995615856,Summer,0.34294129142079927
70.32059225973151,18.561672806520995,7.61007923495392,Summer,0.7067443468525021
72.12925007718357,4.492312236877039,3.717240664023432,Fall,0.39818235441753036
50.458305980591675,7.443340476750267,3.9245818622948003,Summer,0.35276063571481675
73.22380802058487,8.64153765888392,7.542649733470227,Winter,0.5331835339560055
56.2312588404413,8.788099793889044,9.184264321454087,Summer,0.5111139767113677
83.63746111143092,12.25879164989051,9.509285945025484,Spring,0.7062816571427584
55.20319547135895,18.86151675489415,5.771225860383208,Winter,0.5480798140816989
64.51184433044583,4.8138542366501,3.571211593005028,Winter,0.34655687015525677
52.98723838275254,2.4300275260183613,7.875490858587792,Winter,0.33103016367776006
84.89059881460815,3.9494097971987463,2.5100138326230024,Fall,0.43881627397963074
67.57682536159349,17.73849800418539,5.640740288335177,Fall,0.6093312778957329
70.83847560620154,12.916216253104121,3.5857846152487314,Winter,0.5045359395655453
52.34767670859496,5.718135784783202,6.566310737078761,Fall,0.3605135469910088
76.24861646397122,16.318938779372345,2.403989128935069,Summer,0.6028559583491222
57.346695758345504,17.22739992726872,1.9159294573482577,Fall,0.46871070667511316
81.43190013042498,16.930286773805562,9.182390866754371,Fall,0.7472129768303136
57.17988741687025,18.37853067279109,1.018036829495369,Winter,0.4570666247781752
56.67407022322833,5.044820403467232,5.059579077349317,Spring,0.35500143173172816
51.279238374683324,15.100838574925566,2.208527829630089,Spring,0.4179930687861042
66.52234307884997,9.2107899454828,0.3892996332566745,Spring,0.38036123086937534
69.76943966419157,16.83997105780123,0.3601881829142639,Summer,0.532771556177827
52.299802379992336,14.569813543232264,1.7522177210582734,Fall,0.39673328545531994
77.14346658432537,15.528948929994492,8.667703545060002,Spring,0.7013938281901195
65.86510921618097,13.12323675362143,2.8247874397702666,Winter,0.46400206704933233
68.3536594264653,3.5485753893941374,9.504591705752958,Spring,0.48819851882148724
65.42669614283798,10.900538377938766,5.816222929891936,Spring,0.5079850836545658
64.02670713063641,19.693394790490164,4.366141897687661,Fall,0.5928763719861709
69.58741159578763,18.747761329942378,5.800888346694546,Fall,0.6391622531446702
55.43340860757494,0.8634747159402334,5.166983852262677,Fall,0.2773398469704996
56.367484567334486,3.2962963145887425,7.587762537573251,Summer,0.3975853215693504
80.1624967354731,2.634575469091238,2.8249606597285224,Summer,0.42837496943364245
83.11404117467714,14.51959819970591,3.530503916003024,Spring,0.6176271437423757
63.065826069791356,16.3557065971389,8.940943025332507,Fall,0.6288163227196844
59.476063560024386,4.270227326213439,9.464565131504054,Spring,0.44749364715199347
72.53998401336555,10.11705385903658,8.925582274864745,Winter,0.5790673620306468
64.30569598843337,16.814060560224,4.194479939573136,Winter,0.537847341414442
50.88852244811207,14.656030895325012,7.803655030068817,Fall,0.5109908351633206
55.46534090781666,10.844744109836967,4.763357333010988,Fall,0.4191688277810124
75.05902800965892,11.806953809175457,4.975398521461022,Winter,0.5398067233363318
73.0623379668553,10.1672109383256,2.0468010905728393,Fall,0.45522897426837106
50.94835973762192,5.950969026376411,5.911303032585165,Summer,0.3729097945480461
57.76902566765323,11.300439857180322,1.8613589775334793,Summer,0.4111282097949643
58.0876178805825,13.777706041001814,3.3156469906719375,Fall,0.4491934897460803
73.5162460259555,17.466458317216155,8.550302016199351,Winter,0.6873814638019751
50.68986882140275,12.725827079584962,2.0707580921085524,Spring,0.3762446755868183
53.64380036946008,15.22243074086316,0.7115828517343281,Fall,0.3933898345445487
77.99706298806163,3.20143269909146,0.690075926128163,Fall,0.35180622608357304
56.249063171901675,9.231149488395797,9.407845205031078,Spring,0.5023330788374253
72.84611377481562,0.18663239654186592,5.069204379618347,Fall,0.36473279511086987
58.33639733663543,4.93357729043246,4.094120718170183,Spring,0.3435226299292359
53.48044874657708,14.529234302260097,8.108785810079183,Winter,0.5200025092873541
58.51102668498089,19.83619902698727,8.35825927910516,Summer,0.6733426091868031
75.27934261494806,1.9835619917443181,3.321910331156046,Winter,0.3606450228704175
79.94937638372,8.029886317225765,6.936180574737953,Summer,0.5903111998744026
79.0576952598447,16.00141937398319,7.711228158518866,Spring,0.7002898266935236
63.90142353664592,4.080712692577977,6.546506868659545,Summer,0.4315775336855516
73.38297977997262,11.101698986045726,1.5159507480009937,Winter,0.450461527064835
57.17445033955374,14.661425920593496,8.75883083517057,Summer,0.596094864595478
60.26017055913546,12.319709005203581,5.390945527360087,Spring,0.4912440916774581
81.37175364823919,3.7604946923083227,2.8247242637000367,Summer,0.45216906936284956
50.45506732287576,7.107691373714788,4.252281854376939,Fall,0.32426139239540785
52.992798579906385,15.675835689707945,0.3757109039890738,Winter,0.37975345959629425
57.27601893011096,11.084530282640333,1.2786680122241756,Fall,0.363418565513294
50.92862713558369,0.10459227085825473,7.655467505158608,Spring,0.29998467494080994
56.35024022814291,15.219815200561877,0.00011634755366141114,Summer,0.4245866419774609
70.40645463393923,0.7062270988047814,4.165658284822921,Fall,0.3405148843724687
64.74985927073743,14.914675654624643,5.225101810855884,Fall,0.542507081154987
81.24350988769412,4.049611203304748,0.546344200009723,Summer,0.41020539426516067
78.61052466084543,19.161469602387605,9.730781629723328,Summer,0.8055263889779689
61.963607309425655,7.35881502604169,2.261253312496719,Winter,0.3439707619801349
59.07982017009524,6.538632326761582,3.0419871963628085,Fall,0.3408039155149384
63.28923428585434,2.9777610066488935,3.0394251225502735,Fall,0.3113933991841923
70.66032298801827,6.112084309804297,2.304166621173499,Spring,0.39582358557349595
59.38222742880067,17.53301523656401,0.01473822086311416,Winter,0.4369027211302977
71.84521177471969,19.926686752544946,7.293447940879964,Spring,0.7095990416756003
64.32940782669341,7.366190610136966,9.668454997992853,Fall,0.5157442895501596
69.3216513298193,8.97221261909085,2.242934832850451,Spring,0.42985132211376786
65.26442851973609,14.441418764054742,6.630471918034225,Fall,0.566456025648569
60.30630158396712,17.72391560930149,7.418963269587151,Fall,0.6031311514396489
83.19586574367548,11.860886683735682,8.484253790905248,Spring,0.6772890374665717
76.72620279559163,7.830513963556587,4.226291970136091,Spring,0.4947047076880229
54.90396115182584,8.252436816972475,3.0293090564042924,Summer,0.37239536853596344
80.39637915642695,13.912362929936137,3.252951340230311,Summer,0.6074380659332308
67.06009193873298,0.06436527208557363,7.126213330985128,Summer,0.4009759853508889
81.3093279412932,12.391786749196815,8.16779466505636,Fall,0.6581431399178977
77.99493395815603,7.109860208827148,1.8161396775660266,Spring,0.44294174787319074
64.88247265642318,15.883946625541686,3.7094100815776523,Winter,0.5174901019085251
50.78642579120411,1.8598127964626432,9.0194019674915,Fall,0.34277909296079323
59.40370757847312,11.76404533896781,8.066935196947393,Winter,0.5115348559004543
68.95719751313034,9.619457797722475,9.848584027624758,Spring,0.5895903904505057
72.17173769391516,12.846510518104548,7.542482596820808,Fall,0.6002429536732139
59.02606899016208,1.297071889659367,3.9319520102792227,Winter,0.2696726556371154
54.877462592548845,11.599675748562625,5.906378339946378,Winter,0.43999391784193176
79.22255828797547,11.229691759190475,6.610142542473203,Summer,0.627634274597181
84.45407632462432,11.213201888323418,0.7845581631712395,Summer,0.5407696277289866
68.39915638059401,12.069753331929096,5.444969591038651,Summer,0.5550837282602465
56.00877500469062,13.529358744527244,7.093208284726096,Fall,0.5091404040320913
59.53075642817791,16.099779993615396,1.6732130400106038,Spring,0.46942242600831674
50.64367367916134,5.396414402564287,7.806317174255572,Spring,0.3807506948330691
82.00045822961746,16.500988203601242,5.8377278051411166,Summer,0.7071291404689408
54.12128790115494,9.965113645269073,9.522217856975946,Summer,0.5234712783965833
70.17807664299887,1.5411655826866233,0.42422298206891695,Summer,0.30690523848452844
59.591932724052214,1.171018584879584,2.6532613755546697,Winter,0.24544155042172838
69.39623008805276,6.6847663739212155,6.015538792998241,Summer,0.49141787197194164
72.79971359231524,15.697939542229351,2.9655991220593068,Winter,0.5450651532449993
79.04096312975206,14.153618694818315,7.144241640712422,Spring,0.6611374739779635
57.22474451162111,15.772299293448128,7.59005282521931,Fall,0.5596698002582288
50.38485400304682,10.345381128832187,1.0251596406647445,Fall,0.30788307547747384
54.79099705240826,8.80397995910981,5.138544642067677,Fall,0.39220771824176215
81.50065246468368,2.949050534125679,5.088905555910559,Fall,0.4560175974997174
80.58615271468804,6.5638550721862305,3.6928077021554104,Winter,0.46709199563840487
70.9094585759608,8.680387323477506,9.32924862569672,Winter,0.5562734028001588
71.01809011517787,1.7720085935923446,8.275063198732212,Summer,0.47218476496526013
73.27628360911893,4.412239054224225,6.972093819096368,Winter,0.45863279710454186
56.137994751820735,11.964505881274777,7.143266357349976,Summer,0.517407171090811
82.0044181073736,14.713262284783797,4.617161438131191,Summer,0.6559245522193726
64.65696837122256,19.966950227858995,9.209945210965758,Fall,0.6974572626156148
63.40984848873241,18.662266626871155,6.945954272532854,Winter,0.6154807905036239
68.16211968489931,12.85130399070383,7.289810616558165,Winter,0.5623493132482882
51.643808837126926,8.42496106588144,8.616909037873452,Summer,0.46810579010070164
55.81991790646278,12.723547294164653,2.74071589342191,Summer,0.43892420103212393
75.83117657492296,15.71303236160464,8.07070903866703,Spring,0.6847163894826843
52.89795337737942,2.3667238184677464,1.9524060295649204,Spring,0.2311087114533399
71.11032383132358,8.198097793925765,3.453419522448878,Summer,0.4726702792511417
58.58721883884623,16.796045712712345,3.356104542698427,Spring,0.5081325984809179
63.62534649146918,7.67665903866088,9.785254683891406,Spring,0.5287141020661367
60.1042807869745,11.43744542454373,8.565372237479268,Summer,0.5606078734718813
62.44854507627322,11.755387217243964,7.011698615902597,Summer,0.5476993238697012
75.1666066814486,3.689525062672787,7.270567616153901,Winter,0.46456340930001905
60.39926004681112,7.244708833045768,5.6207279440257105,Summer,0.4405095345008357
69.82416241039141,6.690225774838643,9.47090667108519,Summer,0.563052448103663
66.6617640769685,0.5239341706412959,4.962587528823615,Fall,0.33232084357591174
73.22849078769269,0.4838352778271049,3.8051770986989455,Winter,0.3360953042139152
82.78904087636653,16.63394087351547,1.63035336931591,Winter,0.5894821283540019
75.64002340235876,5.461416199456249,7.86205652261058,Winter,0.5056767928861055
57.52291325067649,10.36157532477631,7.344439320755915,Fall,0.4753004920049143
51.09140972714496,5.974511471775461,3.8435503852413486,Summer,0.3327253067937158
59.17924155049388,18.81358490230681,0.2519341395922936,Winter,0.45969526518641307
70.82772757450891,5.185935177315475,8.389973277180108,Winter,0.48460407934338523
51.79990347194876,8.593136254778702,0.11417983454073632,Spring,0.28146580320934533
67.37281865204326,17.454605009692038,7.0369977962905095,Winter,0.621832280511438
70.88949971209112,16.838671335836175,9.70257109726057,Summer,0.726000061766132
61.69853617859363,3.7220283569255463,4.376613281482035,Summer,0.37021146914691605
76.98192713110376,16.05286619591421,2.349734049959528,Spring,0.581970114687068
53.73093885968201,9.163737734757852,7.0487101004338175,Winter,0.41974991865679856
52.62982236075331,9.659377441707104,8.171281420155852,Winter,0.4433438463758854
75.48660646712611,2.6695994483188756,5.464303160778473,Winter,0.4149678061810732
67.34219606721695,1.612030275142493,9.670352752561461,Fall,0.4466857724196064
74.09408387497076,14.558786139475304,0.516687216579611,Winter,0.48639601570926905
65.21895685113111,9.929223047105996,5.047955983045282,Summer,0.49686293308824475
58.62407116336874,8.737014052303591,7.184539473225501,Summer,0.48402640689688525
78.66858111859699,14.590164573047934,8.626404711491789,Fall,0.6852010263603947
77.97955576391428,15.310257979822195,1.7925561190779005,Fall,0.5553881678726869
74.31437647990494,3.1781633533870712,8.000034817636815,Winter,0.4666124408244277
59.5250798030487,12.204502989552825,5.527070757185452,Spring,0.4880379874329941
70.65807334041804,2.7070816455537106,3.965536819899632,Fall,0.36796309445511566
62.63408639290094,15.027501720580913,1.3171502857909356,Fall,0.4539503109125378
53.205372566432196,13.13910312534279,8.652957589089125,Winter,0.5084621133272512
82.1059751411785,19.13229242166916,1.5727320817971535,Winter,0.6219017430534289
54.78865208216365,1.3791603271284236,3.0978785920909924,Fall,0.2400087029325385
83.2583073837281,1.1410944230250863,2.9004553196243688,Spring,0.4051729935020243
65.61020205352845,5.6437414938640025,8.714140341908543,Fall,0.4781400838377221
